-- phpMyAdmin SQL Dump
-- version 4.9.5deb2
-- https://www.phpmyadmin.net/
--
-- Host: localhost:3306
-- Generation Time: Mar 19, 2021 at 09:35 PM
-- Server version: 8.0.23-0ubuntu0.20.04.1
-- PHP Version: 7.4.3

SET SQL_MODE = "NO_AUTO_VALUE_ON_ZERO";
SET AUTOCOMMIT = 0;
START TRANSACTION;
SET time_zone = "+00:00";


/*!40101 SET @OLD_CHARACTER_SET_CLIENT=@@CHARACTER_SET_CLIENT */;
/*!40101 SET @OLD_CHARACTER_SET_RESULTS=@@CHARACTER_SET_RESULTS */;
/*!40101 SET @OLD_COLLATION_CONNECTION=@@COLLATION_CONNECTION */;
/*!40101 SET NAMES utf8mb4 */;

--
-- Database: `buceils_testdata`
--

-- --------------------------------------------------------

--
-- Table structure for table `admin`
--

CREATE TABLE `admin` (
  `admin_id` int NOT NULL,
  `admin_fname` varchar(30) COLLATE utf8mb4_general_ci NOT NULL,
  `admin_mname` varchar(30) COLLATE utf8mb4_general_ci NOT NULL,
  `admin_lname` varchar(30) COLLATE utf8mb4_general_ci NOT NULL,
  `admin_position` varchar(30) COLLATE utf8mb4_general_ci NOT NULL,
  `username` varchar(30) COLLATE utf8mb4_general_ci NOT NULL,
  `password` varchar(32) COLLATE utf8mb4_general_ci NOT NULL,
  `photo` varchar(30) COLLATE utf8mb4_general_ci NOT NULL,
  `reg_date` timestamp NOT NULL DEFAULT CURRENT_TIMESTAMP ON UPDATE CURRENT_TIMESTAMP
) ENGINE=InnoDB DEFAULT CHARSET=utf8mb4 COLLATE=utf8mb4_general_ci;

--
-- Dumping data for table `admin`
--

INSERT INTO `admin` (`admin_id`, `admin_fname`, `admin_mname`, `admin_lname`, `admin_position`, `username`, `password`, `photo`) VALUES
(1, 'Maria', 'Madrona', 'Hanway', 'Admin', 'ssejajero@gmail.com', 'AaoM2Lkt', ''),
(2, 'Tomas', 'Mutia', 'Sace', 'Head Admin', 'taclaskathrindenise@gmail.com', '6QLfkFgK', ''),
(3, 'Ariel', 'Bilal', 'Ongpauco', 'Admin', 'stebo1034@gmail.com', 'CHN8jQWs', ''),
(4, 'Isaak', 'Pildilapil', 'Alba', 'Admin', 'makenilla28@gmail.com', 'CX8sCKtx', ''),
(5, 'Braedon', 'Lozo', 'Sibug', 'Admin', 'eef4de@gmail.com', '8hcTDAjU', ''),
(6, 'Julien', 'Cader', 'Puno', 'Admin', 'kerbymbart@gmail.com', 'AcsV7how', ''),
(7, 'John Wesley', '', 'Atega', 'Admin', 'weakerz8@gmail.com', '3LqsTq4Q', '');

-- --------------------------------------------------------

--
-- Table structure for table `admin_activity_log`
--

CREATE TABLE `admin_activity_log` (
  `activity_log_id` int NOT NULL,
  `admin_id` int NOT NULL,
  `activity_description` varchar(150) NOT NULL,
  `activity_date` date DEFAULT NULL,
  `activity_time` time DEFAULT NULL
) ENGINE=InnoDB DEFAULT CHARSET=latin1;

--
-- Dumping data for table `admin_activity_log`
--

INSERT INTO `admin_activity_log` (`activity_log_id`, `admin_id`, `activity_description`, `activity_date`, `activity_time`) VALUES
(20, 1, 'Login', '2021-03-09', '17:38:23'),
(21, 1, 'SELECT * FROM `activity_log`', '2021-03-09', '17:39:09'),
(22, 1, 'Login', '2021-03-10', '15:37:42'),
(23, 1, 'Login', '2021-03-10', '15:49:53'),
(25, 1, 'Login', '2021-03-10', '15:51:00'),
(26, 1, 'Logout', '2021-03-10', '15:51:03'),
(27, 2, 'Login', '2021-03-10', '16:00:12'),
(28, 1, 'Login', '2021-03-10', '16:00:53'),
(29, 1, 'Logout', '2021-03-10', '16:01:08'),
(30, 2, 'Logout', '2021-03-10', '16:03:27'),
(32, 1, 'Logout', '2021-03-10', '16:03:55'),
(33, 2, 'Login', '2021-03-10', '16:04:01'),
(36, 2, 'Login', '2021-03-10', '16:05:21'),
(37, 1, 'Logout', '2021-03-10', '16:05:24'),
(38, 1, 'Login', '2021-03-10', '16:05:33'),
(39, 1, 'Login', '2021-03-10', '16:09:50'),
(40, 1, 'Login', '2021-03-10', '16:12:41'),
(41, 1, 'Logout', '2021-03-10', '16:12:45'),
(42, 1, 'Login', '2021-03-10', '16:12:58'),
(43, 1, 'Login', '2021-03-10', '16:12:58'),
(44, 1, 'Login', '2021-03-10', '16:13:00'),
(45, 1, 'Login', '2021-03-10', '16:13:19'),
(46, 1, 'Logout', '2021-03-10', '16:13:32'),
(47, 2, 'Login', '2021-03-10', '16:13:40'),
(48, 1, 'Login', '2021-03-10', '16:13:52'),
(49, 1, 'Login', '2021-03-10', '16:15:12'),
(50, 1, 'Login', '2021-03-10', '16:15:25'),
(51, 1, 'Login', '2021-03-10', '16:16:37'),
(52, 2, 'Login', '2021-03-10', '16:17:24'),
(53, 2, 'Logout', '2021-03-10', '16:17:37'),
(54, 1, 'Login', '2021-03-10', '16:18:05'),
(55, 2, 'Logout', '2021-03-10', '16:18:14'),
(56, 1, 'Login', '2021-03-10', '16:35:09'),
(57, 1, 'Login', '2021-03-10', '16:39:24'),
(58, 1, 'Login', '2021-03-10', '16:48:03'),
(59, 1, 'Login', '2021-03-10', '16:49:30'),
(60, 1, 'Logout', '2021-03-10', '16:50:07'),
(61, 2, 'Login', '2021-03-10', '16:50:12'),
(62, 2, 'Logout', '2021-03-10', '16:50:21'),
(63, 1, 'Login', '2021-03-10', '17:01:56'),
(64, 2, 'Login', '2021-03-10', '17:02:05'),
(65, 2, 'Login', '2021-03-10', '17:04:54'),
(66, 2, 'Logout', '2021-03-10', '17:05:02'),
(67, 1, 'Login', '2021-03-10', '17:05:08'),
(68, 1, 'Login', '2021-03-10', '17:05:43'),
(69, 2, 'Login', '2021-03-10', '17:05:47'),
(70, 2, 'Login', '2021-03-10', '17:06:44'),
(71, 2, 'Login', '2021-03-10', '17:07:32'),
(72, 2, 'Logout', '2021-03-10', '17:07:40'),
(73, 1, 'Login', '2021-03-11', '15:24:27'),
(74, 1, 'Login', '2021-03-11', '17:46:29'),
(75, 1, 'Login', '2021-03-12', '11:21:32'),
(76, 1, 'Login', '2021-03-12', '11:42:09'),
(77, 1, 'Logout', '2021-03-12', '11:42:28'),
(78, 1, 'Login', '2021-03-12', '11:48:36'),
(79, 2, 'Login', '2021-03-12', '11:48:58'),
(80, 2, 'Logout', '2021-03-12', '11:50:31'),
(81, 1, 'Login', '2021-03-12', '12:08:10'),
(82, 1, 'Login', '2021-03-12', '12:17:37'),
(83, 1, 'Login', '2021-03-12', '12:24:16'),
(84, 1, 'Login', '2021-03-12', '12:26:37'),
(85, 1, 'Logout', '2021-03-12', '12:28:56'),
(86, 1, 'Login', '2021-03-12', '12:29:01'),
(87, 2, 'Login', '2021-03-12', '12:31:29'),
(88, 2, 'Logout', '2021-03-12', '12:35:27'),
(89, 2, 'Login', '2021-03-12', '12:35:33'),
(90, 2, 'Logout', '2021-03-12', '12:38:15'),
(91, 1, 'Login', '2021-03-12', '12:38:21'),
(92, 2, 'Login', '2021-03-12', '12:45:16'),
(93, 2, 'Logout', '2021-03-12', '12:46:48'),
(94, 1, 'Logout', '2021-03-12', '12:46:51'),
(95, 1, 'Login', '2021-03-12', '12:46:55'),
(96, 2, 'Login', '2021-03-12', '12:46:59'),
(97, 1, 'Logout', '2021-03-12', '12:48:35'),
(98, 1, 'Login', '2021-03-12', '12:48:46'),
(99, 1, 'Logout', '2021-03-12', '12:49:56'),
(100, 1, 'Login', '2021-03-12', '12:50:42'),
(101, 1, 'Login', '2021-03-12', '12:51:19'),
(102, 2, 'Login', '2021-03-12', '12:51:45'),
(103, 1, 'Logout', '2021-03-12', '13:05:00'),
(104, 1, 'Login', '2021-03-12', '13:10:03'),
(105, 1, 'Logout', '2021-03-12', '13:10:23'),
(106, 2, 'Logout', '2021-03-12', '13:11:16'),
(107, 1, 'Login', '2021-03-12', '13:12:31'),
(108, 1, 'Logout', '2021-03-12', '13:12:49'),
(109, 1, 'Login', '2021-03-12', '13:13:52'),
(110, 1, 'Login', '2021-03-12', '13:17:35'),
(111, 1, 'Login', '2021-03-12', '13:28:17'),
(112, 1, 'Login', '2021-03-12', '13:34:13'),
(113, 1, 'Login', '2021-03-12', '13:34:28'),
(114, 1, 'Logout', '2021-03-12', '13:37:59'),
(115, 1, 'Login', '2021-03-12', '14:05:17'),
(116, 1, 'Logout', '2021-03-12', '14:05:26'),
(117, 2, 'Login', '2021-03-12', '18:43:21'),
(118, 1, 'Login', '2021-03-12', '18:55:57'),
(119, 1, 'Logout', '2021-03-12', '18:57:07'),
(120, 1, 'Login', '2021-03-12', '18:57:32'),
(121, 2, 'Logout', '2021-03-12', '19:07:27'),
(122, 2, 'Login', '2021-03-12', '19:12:30'),
(123, 2, 'Logout', '2021-03-12', '19:14:20'),
(124, 2, 'Login', '2021-03-12', '19:17:34'),
(125, 1, 'Login', '2021-03-12', '19:17:41'),
(126, 2, 'Logout', '2021-03-12', '19:30:39'),
(127, 2, 'Login', '2021-03-12', '19:34:38'),
(128, 2, 'Logout', '2021-03-12', '19:36:17'),
(129, 1, 'Login', '2021-03-12', '19:36:25'),
(130, 1, 'Logout', '2021-03-12', '19:36:36'),
(131, 1, 'Login', '2021-03-12', '19:36:48'),
(132, 1, 'Logout', '2021-03-12', '19:36:52'),
(133, 1, 'Login', '2021-03-12', '19:38:32'),
(134, 1, 'Logout', '2021-03-12', '19:39:42'),
(135, 1, 'Login', '2021-03-12', '19:55:18'),
(136, 1, 'Logout', '2021-03-12', '19:55:21'),
(137, 1, 'Login', '2021-03-12', '19:56:25'),
(138, 1, 'Logout', '2021-03-12', '19:56:43'),
(139, 1, 'Login', '2021-03-12', '19:57:17'),
(140, 1, 'Logout', '2021-03-12', '19:57:27'),
(141, 1, 'Login', '2021-03-12', '19:57:41'),
(142, 1, 'Logout', '2021-03-12', '19:57:44'),
(143, 2, 'Login', '2021-03-12', '20:02:41'),
(144, 2, 'Logout', '2021-03-12', '20:02:46'),
(145, 2, 'Login', '2021-03-12', '21:03:42'),
(146, 2, 'Logout', '2021-03-12', '21:04:00'),
(147, 1, 'Login', '2021-03-12', '21:10:03'),
(148, 1, 'Logout', '2021-03-12', '21:10:07'),
(149, 1, 'Login', '2021-03-12', '21:20:49'),
(150, 1, 'Logout', '2021-03-12', '21:21:14'),
(151, 1, 'Login', '2021-03-12', '21:36:52'),
(152, 1, 'Logout', '2021-03-12', '21:36:55'),
(153, 1, 'Login', '2021-03-12', '21:37:43'),
(154, 1, 'Logout', '2021-03-12', '21:38:07'),
(155, 1, 'Login', '2021-03-12', '21:39:07'),
(156, 1, 'Logout', '2021-03-12', '21:39:36'),
(157, 1, 'Login', '2021-03-12', '21:59:25'),
(158, 1, 'Logout', '2021-03-12', '21:59:29'),
(159, 2, 'Login', '2021-03-12', '22:06:14'),
(160, 2, 'Logout', '2021-03-12', '22:06:18'),
(161, 2, 'Login', '2021-03-12', '00:08:26'),
(162, 2, 'Logout', '2021-03-12', '00:08:34'),
(163, 2, 'Login', '2021-03-12', '00:10:58'),
(164, 2, 'Logout', '2021-03-12', '00:13:49'),
(165, 2, 'Login', '2021-03-12', '00:13:55'),
(166, 2, 'Logout', '2021-03-12', '00:14:12'),
(167, 1, 'Login', '2021-03-12', '00:14:35'),
(168, 1, 'Logout', '2021-03-12', '00:14:53'),
(169, 1, 'Login', '2021-03-12', '00:17:02'),
(170, 1, 'Logout', '2021-03-12', '00:17:46'),
(171, 1, 'Login', '2021-03-12', '00:18:19'),
(172, 1, 'Logout', '2021-03-12', '00:18:51'),
(173, 1, 'Login', '2021-03-12', '00:19:43'),
(174, 1, 'Logout', '2021-03-12', '00:23:25'),
(175, 1, 'Login', '2021-03-12', '00:23:30'),
(176, 1, 'Logout', '2021-03-12', '00:23:49'),
(177, 1, 'Login', '2021-03-12', '00:25:40'),
(178, 1, 'Logout', '2021-03-12', '00:25:58'),
(179, 1, 'Login', '2021-03-12', '00:29:40'),
(180, 1, 'Logout', '2021-03-12', '00:30:18'),
(181, 1, 'Login', '2021-03-12', '00:31:51'),
(182, 1, 'Logout', '2021-03-12', '00:32:06'),
(183, 2, 'Login', '2021-03-12', '00:33:43'),
(184, 2, 'Logout', '2021-03-12', '00:34:06'),
(185, 1, 'Login', '2021-03-12', '00:38:58'),
(186, 1, 'Logout', '2021-03-12', '00:40:25'),
(187, 1, 'Login', '2021-03-12', '00:40:44'),
(188, 2, 'Login', '2021-03-12', '00:45:56'),
(189, 2, 'Logout', '2021-03-12', '00:45:59'),
(190, 1, 'Login', '2021-03-12', '00:56:03'),
(191, 1, 'Logout', '2021-03-12', '00:56:11'),
(192, 2, 'Login', '2021-03-12', '00:58:32'),
(193, 2, 'Logout', '2021-03-12', '00:58:35'),
(194, 1, 'Login', '2021-03-13', '20:36:50'),
(195, 1, 'Login', '2021-03-14', '15:47:35'),
(196, 1, 'Login', '2021-03-14', '20:29:53'),
(197, 1, 'Login', '2021-03-14', '20:45:12'),
(198, 1, 'Logout', '2021-03-14', '20:46:45'),
(199, 1, 'Login', '2021-03-14', '20:56:18'),
(200, 1, 'Logout', '2021-03-14', '20:56:38'),
(201, 1, 'Login', '2021-03-14', '20:56:41'),
(202, 1, 'Logout', '2021-03-14', '21:18:40'),
(203, 2, 'Login', '2021-03-14', '21:20:06'),
(204, 2, 'Logout', '2021-03-14', '21:20:37'),
(205, 2, 'Login', '2021-03-14', '21:33:51'),
(206, 1, 'Login', '2021-03-14', '22:33:00'),
(207, 1, 'Logout', '2021-03-14', '22:34:30'),
(208, 1, 'Login', '2021-03-14', '22:37:34'),
(209, 1, 'Logout', '2021-03-14', '22:39:43'),
(210, 1, 'Login', '2021-03-15', '12:28:15'),
(211, 1, 'Logout', '2021-03-15', '12:28:22'),
(212, 1, 'Login', '2021-03-15', '12:28:29'),
(213, 1, 'Logout', '2021-03-15', '13:18:18'),
(214, 1, 'Login', '2021-03-15', '13:18:39'),
(215, 1, 'Login', '2021-03-15', '17:57:08'),
(216, 1, 'Login', '2021-03-15', '17:57:08'),
(217, 1, 'Login', '2021-03-15', '18:15:16'),
(218, 1, 'Login', '2021-03-15', '20:47:46'),
(219, 1, 'Login', '2021-03-16', '08:34:36'),
(220, 1, 'Login', '2021-03-16', '08:54:25'),
(221, 1, 'Login', '2021-03-16', '09:17:51'),
(222, 1, 'Login', '2021-03-16', '10:46:34'),
(223, 2, 'Login', '2021-03-16', '10:47:13'),
(224, 1, 'Login', '2021-03-16', '10:49:46'),
(225, 1, 'Logout', '2021-03-16', '10:52:13'),
(226, 1, 'Login', '2021-03-16', '10:52:17'),
(227, 1, 'Login', '2021-03-16', '10:57:59'),
(228, 1, 'Login', '2021-03-16', '10:58:05'),
(229, 1, 'Login', '2021-03-16', '11:15:13'),
(230, 1, 'Login', '2021-03-16', '11:31:18'),
(231, 1, 'Logout', '2021-03-16', '11:31:21'),
(232, 1, 'Login', '2021-03-16', '11:32:36'),
(233, 1, 'Logout', '2021-03-16', '11:32:39'),
(234, 1, 'Login', '2021-03-16', '11:34:29'),
(235, 1, 'Login', '2021-03-16', '11:34:55'),
(236, 1, 'Logout', '2021-03-16', '11:40:12'),
(237, 1, 'Login', '2021-03-16', '11:40:16'),
(238, 1, 'Logout', '2021-03-16', '11:40:23'),
(239, 1, 'Login', '2021-03-16', '11:40:31'),
(240, 1, 'Logout', '2021-03-16', '11:40:39'),
(241, 1, 'Login', '2021-03-16', '11:43:24'),
(242, 1, 'Logout', '2021-03-16', '11:44:12'),
(243, 1, 'Login', '2021-03-16', '11:44:17'),
(244, 1, 'Login', '2021-03-16', '11:45:59'),
(245, 1, 'Logout', '2021-03-16', '11:46:46'),
(246, 1, 'Login', '2021-03-16', '11:48:01'),
(247, 1, 'Logout', '2021-03-16', '11:50:38'),
(248, 1, 'Login', '2021-03-16', '12:01:40'),
(249, 1, 'Logout', '2021-03-16', '12:03:03'),
(250, 2, 'Login', '2021-03-16', '12:03:28'),
(251, 2, 'Logout', '2021-03-16', '12:03:57'),
(252, 1, 'Logout', '2021-03-16', '12:05:14'),
(253, 1, 'Login', '2021-03-16', '12:05:27'),
(254, 1, 'Logout', '2021-03-16', '12:17:17'),
(255, 1, 'Login', '2021-03-16', '12:24:25'),
(256, 2, 'Login', '2021-03-16', '13:20:33'),
(257, 2, 'Login', '2021-03-16', '13:22:34'),
(258, 1, 'Login', '2021-03-16', '13:33:33'),
(259, 1, 'Login', '2021-03-16', '14:22:23'),
(260, 1, 'Logout', '2021-03-16', '14:50:16'),
(261, 1, 'Login', '2021-03-16', '14:51:11'),
(262, 1, 'Login', '2021-03-16', '14:57:14'),
(263, 1, 'Logout', '2021-03-16', '14:57:54'),
(264, 1, 'Login', '2021-03-16', '14:57:57'),
(265, 1, 'Logout', '2021-03-16', '14:58:34'),
(266, 1, 'Login', '2021-03-16', '14:58:37'),
(267, 1, 'Logout', '2021-03-16', '14:59:53'),
(268, 2, 'Login', '2021-03-16', '14:59:57'),
(269, 2, 'Logout', '2021-03-16', '15:00:52'),
(270, 1, 'Login', '2021-03-16', '15:01:01'),
(271, 1, 'Logout', '2021-03-16', '15:04:36'),
(272, 1, 'Login', '2021-03-16', '15:07:59'),
(273, 1, 'Login', '2021-03-16', '16:48:39'),
(274, 2, 'Login', '2021-03-16', '17:34:15'),
(275, 2, 'Logout', '2021-03-16', '17:34:34'),
(276, 1, 'Login', '2021-03-17', '08:50:46'),
(277, 1, 'Login', '2021-03-17', '09:24:16'),
(278, 1, 'Login', '2021-03-17', '10:36:39'),
(279, 1, 'Login', '2021-03-17', '13:45:04'),
(280, 1, 'Login', '2021-03-17', '13:51:42'),
(281, 1, 'Login', '2021-03-17', '14:07:32'),
(282, 1, 'Login', '2021-03-17', '14:13:51'),
(283, 1, 'Login', '2021-03-17', '14:14:55'),
(284, 1, 'Added treasurer', '2021-03-17', '14:48:32'),
(285, 1, 'Added auditor', '2021-03-17', '14:57:35'),
(286, 1, 'Login', '2021-03-17', '15:12:42'),
(287, 1, 'Added Auditor', '2021-03-17', '15:49:20'),
(288, 1, 'Login', '2021-03-17', '01:05:58'),
(289, 1, 'Login', '2021-03-17', '01:07:30'),
(290, 1, 'Logout', '2021-03-17', '01:12:20'),
(291, 1, 'Login', '2021-03-17', '01:12:24'),
(292, 1, 'Login', '2021-03-17', '01:13:06'),
(293, 2, 'Login', '2021-03-17', '01:13:32'),
(294, 2, 'Logout', '2021-03-17', '01:13:44'),
(295, 1, 'Login', '2021-03-17', '01:13:52'),
(296, 1, 'Logout', '2021-03-17', '01:16:43'),
(297, 1, 'Login', '2021-03-18', '12:11:37'),
(298, 1, 'Login', '2021-03-18', '12:21:05'),
(299, 1, 'Login', '2021-03-18', '14:19:14'),
(300, 1, 'Login', '2021-03-18', '14:24:53'),
(301, 1, 'Login', '2021-03-18', '14:48:29'),
(302, 1, 'Login', '2021-03-18', '15:57:17'),
(303, 1, 'Login', '2021-03-18', '16:13:11'),
(304, 1, 'Logout', '2021-03-18', '16:16:32'),
(305, 2, 'Login', '2021-03-18', '16:17:40'),
(306, 2, 'Logout', '2021-03-18', '16:18:37'),
(307, 1, 'Login', '2021-03-18', '16:21:52'),
(308, 1, 'Logout', '2021-03-18', '16:22:56'),
(309, 1, 'Login', '2021-03-18', '16:26:05'),
(310, 1, 'Login', '2021-03-18', '16:53:16'),
(311, 1, 'Login', '2021-03-18', '19:06:13'),
(312, 1, 'Login', '2021-03-18', '19:20:47'),
(313, 1, 'Login', '2021-03-18', '22:11:57'),
(314, 1, 'Login', '2021-03-18', '23:06:43'),
(315, 1, 'Login', '2021-03-18', '00:39:39'),
(316, 1, 'Logout', '2021-03-18', '00:40:02'),
(317, 1, 'Login', '2021-03-18', '00:40:07'),
(318, 1, 'Login', '2021-03-18', '01:09:18'),
(319, 1, 'Logout', '2021-03-18', '01:56:37'),
(320, 1, 'Login', '2021-03-19', '13:30:53');

-- --------------------------------------------------------

--
-- Table structure for table `archive`
--

CREATE TABLE `archive` (
  `archive_id` int NOT NULL,
  `position_id` int NOT NULL,
  `winners_name` varchar(30) NOT NULL,
  `school_year` datetime NOT NULL,
  `platform_info` varchar(100) NOT NULL
) ENGINE=InnoDB DEFAULT CHARSET=latin1;

-- --------------------------------------------------------

--
-- Table structure for table `candidate`
--

CREATE TABLE `candidate` (
  `candidate_id` int NOT NULL,
  `student_id` int NOT NULL,
  `position_id` int NOT NULL,
  `total_votes` int NOT NULL,
  `party_name` varchar(30) NOT NULL,
  `platform_info` varchar(100) NOT NULL,
  `credentials` varchar(500) NOT NULL,
  `photo` varchar(30) NOT NULL
) ENGINE=InnoDB DEFAULT CHARSET=latin1;

--
-- Dumping data for table `candidate`
--

INSERT INTO `candidate` (`candidate_id`, `student_id`, `position_id`, `total_votes`, `party_name`, `platform_info`, `credentials`, `photo`) VALUES
(1, 8, 1, 2, 'Run Adrian, Run Partylist', 'I wanna be a billionaire, so freaking bad.', 'Class President for 5 years.', ''),
(2, 9, 1, 4, 'Dingdong Dantes Supporters', 'Para kay Tatay Digs, I dig.', 'DU30natics since 1999', ''),
(3, 10, 2, 4, 'Run Adrian, Run Partylist', 'I wanna be a billionaire (2)', 'Tiktoker for 2 years.', ''),
(4, 11, 2, 1, 'Dingdong Dantes Supporters', 'DDS forever.', 'Clowns since birth.', ''),
(5, 12, 3, 4, 'Run Adrian, Run Partylist', 'Do you want to build a snowman?', 'Elsa\'s sister.', ''),
(6, 13, 3, 1, 'Dingdong Dantes Supporters', 'I believe in the saying na naniniwala ako sa kasabihan.', 'Sana all may credentials.', ''),
(7, 14, 3, 0, 'Independent', 'Strong independent woman, kaya ko mag-secretary.', 'Independent for 10 years.', ''),
(8, 15, 4, 6, 'Dingdong Dantes Supporters', 'Payaman lang ako dito.', 'Kurakot pero cute.', ''),
(9, 16, 5, 0, 'Independent', 'Isasama kita sa barko ko.', 'I have Noah\'s Arc.\r\nSaving animals for 5 years.', ''),
(10, 17, 6, 1, 'Dingdong Dantes Supporters', 'Boses ng grade 7, malakas.', 'Pabibo yesterday, oday and tomorrow.', ''),
(11, 18, 6, 0, 'Run Adrian, Run Partylist', 'Meron akong Martin\'s crackers.', 'Owner of Martin\'s crackers.', ''),
(12, 19, 7, 1, 'Dingdong Dantes Supporters', 'Kung kailangan mo ng tulang, sabihin mo lang, \"JOSEFA-tulong.\"', 'In the service of grade 8 people...', ''),
(13, 20, 7, 1, 'Run Adrian, Run Partylist', 'Danilook, may nangangailangan ng tulong.', 'Nakikita niya lahat ng nangangailangan ng tulong.', ''),
(14, 21, 7, 0, 'Independent', 'I will take you to Madagascar.', 'King Julien\'s adviser.', ''),
(15, 22, 8, 0, 'Run Adrian, Run Partylist', 'Hello World', 'Bot 77', ''),
(16, 23, 8, 0, 'Dingdong Dantes Supporters', 'Itataas ko bandera ng grade 9.', 'Flag-bearer.\r\nBoyscout for 10 years.', ''),
(17, 24, 10, 1, 'Independent', 'I set fire to the rain...', 'Kaya ko mag-split.', ''),
(18, 25, 10, 0, 'Run Adrian, Run Partylist', 'Kaya NEO ba ang kaya ko?', 'May-kaya sa buhay.', ''),
(19, 26, 11, 0, 'Dingdong Dantes Supporters', 'JAZ call my name, and I\'ll be there.', 'Dancer sa munisipyo.', ''),
(20, 27, 11, 1, 'Run Adrian, Run Partylist', 'Si Gabriella, isinilang...', 'Woman\'s rights ambassador', '');

-- --------------------------------------------------------

--
-- Table structure for table `candidate_position`
--

CREATE TABLE `candidate_position` (
  `position_id` int NOT NULL,
  `heirarchy_id` int NOT NULL,
  `position_name` varchar(30) COLLATE utf8mb4_general_ci NOT NULL,
  `position_description` varchar(100) COLLATE utf8mb4_general_ci NOT NULL
) ENGINE=InnoDB DEFAULT CHARSET=utf8mb4 COLLATE=utf8mb4_general_ci;

--
-- Dumping data for table `candidate_position`
--

INSERT INTO `candidate_position` (`position_id`, `heirarchy_id`, `position_name`, `position_description`) VALUES
(1, 1, 'President', 'The head of the Supreme Student Government.'),
(2, 2, 'Vice President', 'Supports the President and will assume the presidency if the President resigns.'),
(3, 3, 'Secretary', 'In charge of organization correspondence and document keeping.'),
(4, 4, 'Treasurer', 'Financial officer in charge of book keeping organization expenses, income and savings.'),
(5, 5, 'Auditor', 'Audits the financial records of the treasurer.'),
(6, 6, 'Grade 7 Representative', 'Represents the voice of the Grade 7 students.'),
(7, 7, 'Grade 8 Representative', 'Represents the voice of the Grade 8 students.'),
(8, 8, 'Grade 9 Representative', 'Represents the voice of the Grade 9 students.'),
(9, 9, 'Grade 10 Representative', 'Represents the voice of the Grade 10 students.'),
(10, 10, 'Grade 11 Representative', 'Represents the voice of the Grade 11 students.'),
(11, 11, 'Grade 12 Representative', 'Represents the voice of the Grade 12 students.');

-- --------------------------------------------------------

--
-- Table structure for table `student`
--

CREATE TABLE `student` (
  `student_id` int NOT NULL,
  `fname` varchar(30) COLLATE utf8mb4_general_ci NOT NULL,
  `Mname` varchar(30) COLLATE utf8mb4_general_ci NOT NULL,
  `lname` varchar(30) COLLATE utf8mb4_general_ci NOT NULL,
  `gender` varchar(10) COLLATE utf8mb4_general_ci NOT NULL,
  `bumail` varchar(100) COLLATE utf8mb4_general_ci NOT NULL,
  `grade_level` int NOT NULL,
  `otp` varchar(6) COLLATE utf8mb4_general_ci NOT NULL,
  `voting_status` tinyint(1) NOT NULL
) ENGINE=InnoDB DEFAULT CHARSET=utf8mb4 COLLATE=utf8mb4_general_ci;

--
-- Dumping data for table `student`
--

INSERT INTO `student` (`student_id`, `fname`, `Mname`, `lname`, `gender`, `bumail`, `grade_level`, `otp`, `voting_status`) VALUES
(1, 'Maria', 'Madrona', 'Hanway', 'female', 'dhanjaphetverastigue.ador@bicol-u.edu.ph', 7, '125915', 1),
(2, 'Ariel', 'Bilal', 'Ongpauco', 'male', 'jessicaarimado.ajero@bicol-u.edu.ph', 10, '124622', 1),
(3, 'Isaak', 'Pildilapil', 'Alba', 'male', 'gaybaraquiel.alarcon@bicol-u.edu.ph', 11, '235343', 1),
(4, 'Braedon', 'Lozo', 'Sibug', 'male', 'johnpaulrenevo.asis@bicol-u.edu.ph', 9, '276291', 1),
(5, 'Julien', 'Cader', 'Puno', 'female', 'johnpauljaynario.azore@bicol-u.edu.ph', 9, '217493', 0),
(6, 'John Wesley', '', 'Atega', 'male', 'kayceelanuza.ballesteros@bicol-u.edu.ph', 7, '130104', 1),
(7, 'Jerrald', 'Dura', 'Macatangay', 'male', 'benazirgratela.barrameda@bicol-u.edu.ph', 8, '266719', 1),
(8, 'Adrian', 'Gallora', 'Balangao', 'male', 'stevenandreibansagale.barrios@bicol-u.edu.ph', 11, '869571', 0),
(9, 'Ken', 'Sison', 'Padilla', 'male', 'kerbymaravilla.bartolay@bicol-u.edu.ph', 11, '403364', 0),
(10, 'Horencia', 'Lopa', 'Santiago', 'female', 'christopherbariso.belen@bicol-u.edu.ph', 12, '864223', 1),
(11, 'Mason', 'Felix', 'Montejo', 'male', 'maedeljoicebercasio.castro@bicol-u.edu.ph', 8, '090126', 0),
(12, 'Anna', 'Lacsamana', 'Gevarra', 'female', 'joshuaisaiahmendez.codorniz@bicol-u.edu.ph', 9, '825517', 0),
(13, 'Trevon', 'Daquan', 'Magnaye', 'male', 'janharoldlandicho.delacruz@bicol-u.edu.ph', 7, '927785', 0),
(14, 'Abigail', 'Subrabas', 'Mipa', 'female', 'josedavidmapusao.delossantos@bicol-u.edu.ph', 10, '267220', 0),
(15, 'Sasha', 'Macalipay', 'Buenaventura', 'female', 'carlosgabrielendaya.delrosario@bicol-u.edu.ph', 8, '393606', 0),
(16, 'Noah', 'Moxcir', 'Solas', 'male', 'christianangelodimaano.diesta@bicol-u.edu.ph', 7, '526160', 0),
(17, 'Alliah', 'Lanta', 'Bataller', 'female', 'maveronicasequitin.gallos@bicol-u.edu.ph', 7, '753110', 0),
(18, 'Martin', 'Estevan', 'Pamintuan', 'male', 'mikaellalubiano.jarapa@bicol-u.edu.ph', 7, '252909', 0),
(19, 'Josefa', 'Talon', 'Vicente', 'female', 'iveelozano.jintalan@bicol-u.edu.ph', 8, '072322', 0),
(20, 'Danilo', '', 'Medina', 'male', 'joshuaalexinsuya.llander@bicol-u.edu.ph', 8, '372533', 0),
(21, 'Maurice', 'Clark', 'Madrid', 'female', 'jonjayvegonzales.llaneta@bicol-u.edu.ph', 8, '690885', 0),
(22, 'Sebastiano', 'Gubat', 'Etrone', 'male', 'jaydechosa.majadas@bicol-u.edu.ph', 9, '514101', 0),
(23, 'Marvin', 'Cayco', 'Galíndez', 'male', 'allianahgaile.malate@bicol-u.edu.ph', 9, '159368', 0),
(24, 'Christy Mae', 'Lotivio', 'Sy', 'female', 'mendrixclarianes.manlangit@bicol-u.edu.ph', 11, '465982', 0),
(25, 'Neo', 'Tuico', 'Hermano', 'female', 'johnkennethestipona.maronilla@bicol-u.edu.ph', 11, '619275', 0),
(26, 'Jazmine', '', 'Lim', 'female', 'darlene.rogero@bicol-u.edu.ph', 12, '595719', 0),
(27, 'Gabriella', 'Regidor', 'Briones', 'female', 'krishalouisesanjose.munoz@bicol-u.edu.ph', 12, '000474', 0),
(28, 'Renz', 'Borras', 'Duclayan', 'male', 'alyssamaecezar.olano@bicol-u.edu.ph', 11, '142538', 0),
(29, 'Nicole', '', 'Tiansay', 'female', 'keenbarrameda.padilla@bicol-u.edu.ph', 9, '841182', 0),
(30, 'Kai', 'Batumbakal', 'Guiriba', 'male', 'lizellearcos.penarubia@bicol-u.edu.ph', 8, '921319', 0),
(31, 'Lila', 'Rodriguez', 'Litana', 'female', 'karlorhommelchua.staana@bicol-u.edu.ph', 10, '797244', 0),
(32, 'Rodrigo', 'Bongo', 'Roque', 'male', 'kathrindenisemontallana.taclas@bicol-u.edu.ph', 12, '503908', 0),
(33, 'Lil', '', 'Eminem', 'female', 'ricamae.vega@bicol-u.edu.ph', 11, '097588', 0);

-- --------------------------------------------------------

--
-- Table structure for table `student_access_log`
--

CREATE TABLE `student_access_log` (
  `access_log_id` int NOT NULL,
  `student_id` int NOT NULL,
  `activity_description` varchar(100) CHARACTER SET utf8 COLLATE utf8_unicode_ci DEFAULT NULL,
  `date` date DEFAULT NULL,
  `time` time DEFAULT NULL
) ENGINE=InnoDB DEFAULT CHARSET=utf8 COLLATE=utf8_unicode_ci;

-- --------------------------------------------------------

--
-- Table structure for table `vote`
--

CREATE TABLE `vote` (
  `vote_log_id` int NOT NULL,
  `student_id` int NOT NULL,
  `candidate_id` int NOT NULL,
  `status` varchar(30) NOT NULL,
  `time_stamp` timestamp NOT NULL DEFAULT CURRENT_TIMESTAMP
) ENGINE=InnoDB DEFAULT CHARSET=latin1;

--
-- Dumping data for table `vote`
--

INSERT INTO `vote` (`vote_log_id`, `student_id`, `candidate_id`, `status`, `time_stamp`) VALUES
(1, 2, 1, '0', '2021-03-19 09:01:15'),
(2, 2, 2, '1', '2021-03-19 09:01:15'),
(3, 2, 3, '1', '2021-03-19 09:01:15'),
(4, 2, 4, '0', '2021-03-19 09:01:15'),
(5, 2, 5, '1', '2021-03-19 09:01:15'),
(6, 2, 6, '0', '2021-03-19 09:01:15'),
(7, 2, 7, '0', '2021-03-19 09:01:15'),
(8, 2, 8, '1', '2021-03-19 09:01:15'),
(9, 2, 9, '0', '2021-03-19 09:01:15'),
(10, 2, 10, '0', '2021-03-19 09:01:15'),
(11, 2, 11, '0', '2021-03-19 09:01:15'),
(12, 2, 12, '0', '2021-03-19 09:01:15'),
(13, 2, 13, '0', '2021-03-19 09:01:15'),
(14, 2, 14, '0', '2021-03-19 09:01:15'),
(15, 2, 15, '0', '2021-03-19 09:01:15'),
(16, 2, 16, '0', '2021-03-19 09:01:15'),
(17, 2, 17, '0', '2021-03-19 09:01:15'),
(18, 2, 18, '0', '2021-03-19 09:01:15'),
(19, 2, 19, '0', '2021-03-19 09:01:15'),
(20, 2, 20, '0', '2021-03-19 09:01:15'),
(21, 3, 1, '1', '2021-03-19 09:01:15'),
(22, 3, 2, '0', '2021-03-19 09:01:15'),
(23, 3, 3, '0', '2021-03-19 09:01:15'),
(24, 3, 4, '1', '2021-03-19 09:01:15'),
(25, 3, 5, '0', '2021-03-19 09:01:15'),
(26, 3, 6, '1', '2021-03-19 09:01:15'),
(27, 3, 7, '0', '2021-03-19 09:01:15'),
(28, 3, 8, '1', '2021-03-19 09:01:15'),
(29, 3, 9, '0', '2021-03-19 09:01:15'),
(30, 3, 10, '0', '2021-03-19 09:01:15'),
(31, 3, 11, '0', '2021-03-19 09:01:15'),
(32, 3, 12, '0', '2021-03-19 09:01:15'),
(33, 3, 13, '0', '2021-03-19 09:01:15'),
(34, 3, 14, '0', '2021-03-19 09:01:15'),
(35, 3, 15, '0', '2021-03-19 09:01:15'),
(36, 3, 16, '0', '2021-03-19 09:01:15'),
(37, 3, 17, '1', '2021-03-19 09:01:15'),
(38, 3, 18, '0', '2021-03-19 09:01:15'),
(39, 3, 19, '0', '2021-03-19 09:01:15'),
(40, 3, 20, '0', '2021-03-19 09:01:15'),
(41, 4, 1, '0', '2021-03-19 09:01:15'),
(42, 4, 2, '1', '2021-03-19 09:01:15'),
(43, 4, 3, '1', '2021-03-19 09:01:15'),
(44, 4, 4, '0', '2021-03-19 09:01:15'),
(45, 4, 5, '1', '2021-03-19 09:01:15'),
(46, 4, 6, '0', '2021-03-19 09:01:15'),
(47, 4, 7, '0', '2021-03-19 09:01:15'),
(48, 4, 8, '1', '2021-03-19 09:01:15'),
(49, 4, 9, '0', '2021-03-19 09:01:15'),
(50, 4, 10, '0', '2021-03-19 09:01:15'),
(51, 4, 11, '0', '2021-03-19 09:01:15'),
(52, 4, 12, '0', '2021-03-19 09:01:15'),
(53, 4, 13, '0', '2021-03-19 09:01:15'),
(54, 4, 14, '0', '2021-03-19 09:01:15'),
(55, 4, 15, '0', '2021-03-19 09:01:15'),
(56, 4, 16, '0', '2021-03-19 09:01:15'),
(57, 4, 17, '0', '2021-03-19 09:01:15'),
(58, 4, 18, '0', '2021-03-19 09:01:15'),
(59, 4, 19, '0', '2021-03-19 09:01:15'),
(60, 4, 20, '0', '2021-03-19 09:01:15'),
(61, 6, 1, '1', '2021-03-19 09:01:15'),
(62, 6, 2, '0', '2021-03-19 09:01:15'),
(63, 6, 3, '0', '2021-03-19 09:01:15'),
(64, 6, 4, '0', '2021-03-19 09:01:15'),
(65, 6, 5, '0', '2021-03-19 09:01:15'),
(66, 6, 6, '0', '2021-03-19 09:01:15'),
(67, 6, 7, '0', '2021-03-19 09:01:15'),
(68, 6, 8, '1', '2021-03-19 09:01:15'),
(69, 6, 9, '0', '2021-03-19 09:01:15'),
(70, 6, 10, '0', '2021-03-19 09:01:15'),
(71, 6, 11, '0', '2021-03-19 09:01:15'),
(72, 6, 12, '1', '2021-03-19 09:01:15'),
(73, 6, 13, '0', '2021-03-19 09:01:15'),
(74, 6, 14, '0', '2021-03-19 09:01:15'),
(75, 6, 15, '0', '2021-03-19 09:01:15'),
(76, 6, 16, '0', '2021-03-19 09:01:15'),
(77, 6, 17, '0', '2021-03-19 09:01:15'),
(78, 6, 18, '0', '2021-03-19 09:01:15'),
(79, 6, 19, '0', '2021-03-19 09:01:15'),
(80, 6, 20, '0', '2021-03-19 09:01:15'),
(81, 7, 1, '0', '2021-03-19 09:01:15'),
(82, 7, 2, '1', '2021-03-19 09:01:15'),
(83, 7, 3, '1', '2021-03-19 09:01:15'),
(84, 7, 4, '0', '2021-03-19 09:01:15'),
(85, 7, 5, '1', '2021-03-19 09:01:15'),
(86, 7, 6, '0', '2021-03-19 09:01:15'),
(87, 7, 7, '0', '2021-03-19 09:01:15'),
(88, 7, 8, '1', '2021-03-19 09:01:15'),
(89, 7, 9, '0', '2021-03-19 09:01:15'),
(90, 7, 10, '0', '2021-03-19 09:01:15'),
(91, 7, 11, '0', '2021-03-19 09:01:15'),
(92, 7, 12, '0', '2021-03-19 09:01:15'),
(93, 7, 13, '1', '2021-03-19 09:01:15'),
(94, 7, 14, '0', '2021-03-19 09:01:15'),
(95, 7, 15, '0', '2021-03-19 09:01:15'),
(96, 7, 16, '0', '2021-03-19 09:01:15'),
(97, 7, 17, '0', '2021-03-19 09:01:15'),
(98, 7, 18, '0', '2021-03-19 09:01:15'),
(99, 7, 19, '0', '2021-03-19 09:01:15'),
(100, 7, 20, '0', '2021-03-19 09:01:15'),
(101, 10, 1, '0', '2021-03-19 09:01:15'),
(102, 10, 2, '0', '2021-03-19 09:01:15'),
(103, 10, 3, '0', '2021-03-19 09:01:15'),
(104, 10, 4, '0', '2021-03-19 09:01:15'),
(105, 10, 5, '0', '2021-03-19 09:01:15'),
(106, 10, 6, '0', '2021-03-19 09:01:15'),
(107, 10, 7, '0', '2021-03-19 09:01:15'),
(108, 10, 8, '0', '2021-03-19 09:01:15'),
(109, 10, 9, '0', '2021-03-19 09:01:15'),
(110, 10, 10, '0', '2021-03-19 09:01:15'),
(111, 10, 11, '0', '2021-03-19 09:01:15'),
(112, 10, 12, '0', '2021-03-19 09:01:15'),
(113, 10, 13, '0', '2021-03-19 09:01:15'),
(114, 10, 14, '0', '2021-03-19 09:01:15'),
(115, 10, 15, '0', '2021-03-19 09:01:15'),
(116, 10, 16, '0', '2021-03-19 09:01:15'),
(117, 10, 17, '0', '2021-03-19 09:01:15'),
(118, 10, 18, '0', '2021-03-19 09:01:15'),
(119, 10, 19, '0', '2021-03-19 09:01:15'),
(120, 10, 20, '1', '2021-03-19 09:01:15'),
(121, 1, 1, '0', '2021-03-19 09:01:15'),
(122, 1, 2, '1', '2021-03-19 09:01:15'),
(123, 1, 3, '1', '2021-03-19 09:01:15'),
(124, 1, 4, '0', '2021-03-19 09:01:15'),
(125, 1, 5, '1', '2021-03-19 09:01:15'),
(126, 1, 6, '0', '2021-03-19 09:01:15'),
(127, 1, 7, '0', '2021-03-19 09:01:15'),
(128, 1, 8, '1', '2021-03-19 09:01:15'),
(129, 1, 9, '0', '2021-03-19 09:01:15'),
(130, 1, 10, '1', '2021-03-19 09:01:15'),
(131, 1, 11, '0', '2021-03-19 09:01:15'),
(132, 1, 12, '0', '2021-03-19 09:01:15'),
(133, 1, 13, '0', '2021-03-19 09:01:15'),
(134, 1, 14, '0', '2021-03-19 09:01:15'),
(135, 1, 15, '0', '2021-03-19 09:01:15'),
(136, 1, 16, '0', '2021-03-19 09:01:15'),
(137, 1, 17, '0', '2021-03-19 09:01:15'),
(138, 1, 18, '0', '2021-03-19 09:01:15'),
(139, 1, 19, '0', '2021-03-19 09:01:15'),
(140, 1, 20, '0', '2021-03-19 09:01:15');

-- --------------------------------------------------------

--
-- Table structure for table `vote_event`
--

CREATE TABLE `vote_event` (
  `vote_event_id` int NOT NULL,
  `start_date` datetime NOT NULL,
  `end_date` datetime NOT NULL,
  `vote_duration` int NOT NULL
) ENGINE=InnoDB DEFAULT CHARSET=utf8 COLLATE=utf8_unicode_ci;

--
-- Dumping data for table `vote_event`
--

INSERT INTO `vote_event` (`vote_event_id`, `start_date`, `end_date`, `vote_duration`) VALUES
(1, '2021-05-06 15:59:49', '2021-11-29 15:59:49', 15);

--
-- Indexes for dumped tables
--

--
-- Indexes for table `admin`
--
ALTER TABLE `admin`
  ADD PRIMARY KEY (`admin_id`);

--
-- Indexes for table `admin_activity_log`
--
ALTER TABLE `admin_activity_log`
  ADD PRIMARY KEY (`activity_log_id`),
  ADD KEY `admin_id` (`admin_id`);

--
-- Indexes for table `archive`
--
ALTER TABLE `archive`
  ADD PRIMARY KEY (`archive_id`),
  ADD KEY `position_id` (`position_id`);

--
-- Indexes for table `candidate`
--
ALTER TABLE `candidate`
  ADD PRIMARY KEY (`candidate_id`),
  ADD KEY `student_id` (`student_id`),
  ADD KEY `position_id` (`position_id`);

--
-- Indexes for table `candidate_position`
--
ALTER TABLE `candidate_position`
  ADD PRIMARY KEY (`position_id`);

--
-- Indexes for table `student`
--
ALTER TABLE `student`
  ADD PRIMARY KEY (`student_id`);

--
-- Indexes for table `student_access_log`
--
ALTER TABLE `student_access_log`
  ADD PRIMARY KEY (`access_log_id`),
  ADD KEY `student_id` (`student_id`);

--
-- Indexes for table `vote`
--
ALTER TABLE `vote`
  ADD PRIMARY KEY (`vote_log_id`),
  ADD KEY `student_id` (`student_id`),
  ADD KEY `candidate_id` (`candidate_id`);

--
-- Indexes for table `vote_event`
--
ALTER TABLE `vote_event`
  ADD PRIMARY KEY (`vote_event_id`);

--
-- AUTO_INCREMENT for dumped tables
--

--
-- AUTO_INCREMENT for table `admin`
--
ALTER TABLE `admin`
  MODIFY `admin_id` int NOT NULL AUTO_INCREMENT, AUTO_INCREMENT=8;

--
-- AUTO_INCREMENT for table `admin_activity_log`
--
ALTER TABLE `admin_activity_log`
  MODIFY `activity_log_id` int NOT NULL AUTO_INCREMENT, AUTO_INCREMENT=321;

--
-- AUTO_INCREMENT for table `archive`
--
ALTER TABLE `archive`
  MODIFY `archive_id` int NOT NULL AUTO_INCREMENT;

--
-- AUTO_INCREMENT for table `candidate`
--
ALTER TABLE `candidate`
  MODIFY `candidate_id` int NOT NULL AUTO_INCREMENT, AUTO_INCREMENT=21;

--
-- AUTO_INCREMENT for table `candidate_position`
--
ALTER TABLE `candidate_position`
  MODIFY `position_id` int NOT NULL AUTO_INCREMENT, AUTO_INCREMENT=74;

--
-- AUTO_INCREMENT for table `student`
--
ALTER TABLE `student`
  MODIFY `student_id` int NOT NULL AUTO_INCREMENT, AUTO_INCREMENT=123456130;

--
-- AUTO_INCREMENT for table `vote`
--
ALTER TABLE `vote`
  MODIFY `vote_log_id` int NOT NULL AUTO_INCREMENT, AUTO_INCREMENT=141;

--
-- AUTO_INCREMENT for table `vote_event`
--
ALTER TABLE `vote_event`
  MODIFY `vote_event_id` int NOT NULL AUTO_INCREMENT, AUTO_INCREMENT=2;

--
-- Constraints for dumped tables
--

--
-- Constraints for table `admin_activity_log`
--
ALTER TABLE `admin_activity_log`
  ADD CONSTRAINT `admin_activity_log_ibfk_1` FOREIGN KEY (`admin_id`) REFERENCES `admin` (`admin_id`);

--
-- Constraints for table `archive`
--
ALTER TABLE `archive`
  ADD CONSTRAINT `archive_ibfk_1` FOREIGN KEY (`position_id`) REFERENCES `candidate_position` (`position_id`);

--
-- Constraints for table `candidate`
--
ALTER TABLE `candidate`
  ADD CONSTRAINT `candidate_ibfk_1` FOREIGN KEY (`student_id`) REFERENCES `student` (`student_id`),
  ADD CONSTRAINT `candidate_ibfk_2` FOREIGN KEY (`position_id`) REFERENCES `candidate_position` (`position_id`);

--
-- Constraints for table `student_access_log`
--
ALTER TABLE `student_access_log`
  ADD CONSTRAINT `student_access_log_ibfk_1` FOREIGN KEY (`student_id`) REFERENCES `student` (`student_id`);

--
-- Constraints for table `vote`
--
ALTER TABLE `vote`
  ADD CONSTRAINT `vote_ibfk_1` FOREIGN KEY (`student_id`) REFERENCES `student` (`student_id`),
  ADD CONSTRAINT `vote_ibfk_2` FOREIGN KEY (`candidate_id`) REFERENCES `candidate` (`candidate_id`);
COMMIT;

/*!40101 SET CHARACTER_SET_CLIENT=@OLD_CHARACTER_SET_CLIENT */;
/*!40101 SET CHARACTER_SET_RESULTS=@OLD_CHARACTER_SET_RESULTS */;
/*!40101 SET COLLATION_CONNECTION=@OLD_COLLATION_CONNECTION */;
